prefix,design,files,width,category
N,1002,[object Object],300,embroidered_sheer_curtain_fabrics
N,1003,[object Object],300,embroidered_sheer_curtain_fabrics
N,1006,"[object Object],[object Object]",300,embroidered_sheer_curtain_fabrics
N,1008,[object Object],300,embroidered_sheer_curtain_fabrics
N,1009,"[object Object],[object Object],[object Object],[object Object]",300,embroidered_sheer_curtain_fabrics
N,1013,[object Object],300,embroidered_sheer_curtain_fabrics
N,1014,[object Object],300,embroidered_sheer_curtain_fabrics
N,1016,[object Object],300,embroidered_sheer_curtain_fabrics
N,1020,[object Object],300,embroidered_sheer_curtain_fabrics
N,1021,[object Object],300,embroidered_sheer_curtain_fabrics
N,1026,[object Object],300,embroidered_sheer_curtain_fabrics
N,1031,"[object Object],[object Object]",300,embroidered_sheer_curtain_fabrics
N,1037,[object Object],300,embroidered_sheer_curtain_fabrics
N,1038,[object Object],300,embroidered_sheer_curtain_fabrics
N,1043,[object Object],300,embroidered_sheer_curtain_fabrics
N,1045,[object Object],300,embroidered_sheer_curtain_fabrics
N,1049,[object Object],300,embroidered_sheer_curtain_fabrics
N,1050,[object Object],300,embroidered_sheer_curtain_fabrics
N,1053,"[object Object],[object Object]",300,embroidered_sheer_curtain_fabrics
N,1056,"[object Object],[object Object],[object Object]",300,embroidered_sheer_curtain_fabrics
N,1057,[object Object],300,embroidered_sheer_curtain_fabrics
N,1064,[object Object],300,embroidered_sheer_curtain_fabrics
N,1069,[object Object],300,embroidered_sheer_curtain_fabrics
N,1072,[object Object],300,embroidered_sheer_curtain_fabrics
N,1089,"[object Object],[object Object],[object Object],[object Object]",300,embroidered_sheer_curtain_fabrics
N,1091,[object Object],300,embroidered_sheer_curtain_fabrics
N,1096,[object Object],300,embroidered_sheer_curtain_fabrics
N,1102,[object Object],300,embroidered_sheer_curtain_fabrics
N,1103,[object Object],300,embroidered_sheer_curtain_fabrics
N,1109,[object Object],300,embroidered_sheer_curtain_fabrics
N,1114,"[object Object],[object Object]",300,embroidered_sheer_curtain_fabrics
N,1126,[object Object],300,embroidered_sheer_curtain_fabrics
N,1128,"[object Object],[object Object]",300,embroidered_sheer_curtain_fabrics
N,1130,[object Object],300,embroidered_sheer_curtain_fabrics
N,1133,[object Object],300,embroidered_sheer_curtain_fabrics
N,1135,"[object Object],[object Object]",300,embroidered_sheer_curtain_fabrics
N,1136,"[object Object],[object Object],[object Object]",300,embroidered_sheer_curtain_fabrics
N,1141,"[object Object],[object Object]",300,embroidered_sheer_curtain_fabrics
N,1142,"[object Object],[object Object]",300,embroidered_sheer_curtain_fabrics
N,1143,[object Object],300,embroidered_sheer_curtain_fabrics
N,1144,"[object Object],[object Object]",300,embroidered_sheer_curtain_fabrics
N,1147,[object Object],300,embroidered_sheer_curtain_fabrics
N,1148,[object Object],300,embroidered_sheer_curtain_fabrics
N,1149,"[object Object],[object Object],[object Object]",300,embroidered_sheer_curtain_fabrics
N,1151,[object Object],300,embroidered_sheer_curtain_fabrics
N,1153,[object Object],300,embroidered_sheer_curtain_fabrics
N,1154,"[object Object],[object Object]",300,embroidered_sheer_curtain_fabrics
N,1159,[object Object],300,embroidered_sheer_curtain_fabrics
N,1164,[object Object],300,embroidered_sheer_curtain_fabrics
N,1169,[object Object],300,embroidered_sheer_curtain_fabrics
N,1170,[object Object],300,embroidered_sheer_curtain_fabrics
N,1172,[object Object],300,embroidered_sheer_curtain_fabrics
N,1173,[object Object],300,embroidered_sheer_curtain_fabrics
N,1174,[object Object],300,embroidered_sheer_curtain_fabrics
N,1176,[object Object],300,embroidered_sheer_curtain_fabrics
N,1179,[object Object],300,embroidered_sheer_curtain_fabrics
N,1181,[object Object],300,embroidered_sheer_curtain_fabrics
N,1182,[object Object],300,embroidered_sheer_curtain_fabrics
N,1184,[object Object],300,embroidered_sheer_curtain_fabrics
N,1185,[object Object],300,embroidered_sheer_curtain_fabrics
N,1193,"[object Object],[object Object]",300,embroidered_sheer_curtain_fabrics
N,1198,"[object Object],[object Object]",300,embroidered_sheer_curtain_fabrics
N,1199,[object Object],300,embroidered_sheer_curtain_fabrics
N,1200,[object Object],300,embroidered_sheer_curtain_fabrics
N,1201,[object Object],300,embroidered_sheer_curtain_fabrics
N,1204,"[object Object],[object Object]",300,embroidered_sheer_curtain_fabrics
N,1205,"[object Object],[object Object],[object Object]",300,embroidered_sheer_curtain_fabrics
N,1207,[object Object],300,embroidered_sheer_curtain_fabrics
N,1211,"[object Object],[object Object],[object Object]",300,embroidered_sheer_curtain_fabrics
N,1213,[object Object],300,embroidered_sheer_curtain_fabrics
N,1214,[object Object],300,embroidered_sheer_curtain_fabrics
N,1215,[object Object],300,embroidered_sheer_curtain_fabrics
N,1217,[object Object],300,embroidered_sheer_curtain_fabrics
N,1218,[object Object],300,embroidered_sheer_curtain_fabrics
N,1219,[object Object],300,embroidered_sheer_curtain_fabrics
N,1220,"[object Object],[object Object]",300,embroidered_sheer_curtain_fabrics
N,1228,[object Object],300,embroidered_sheer_curtain_fabrics
K,12334,[object Object],300,embroidered_sheer_curtain_fabrics
N,1236,[object Object],300,embroidered_sheer_curtain_fabrics
N,1237,[object Object],300,embroidered_sheer_curtain_fabrics
N,1241,[object Object],300,embroidered_sheer_curtain_fabrics
K,12430,[object Object],300,embroidered_sheer_curtain_fabrics
K,12443,"[object Object],[object Object]",300,embroidered_sheer_curtain_fabrics
K,12456,[object Object],300,embroidered_sheer_curtain_fabrics
K,12465,[object Object],300,embroidered_sheer_curtain_fabrics
N,1246,[object Object],300,embroidered_sheer_curtain_fabrics
K,12471,"[object Object],[object Object],[object Object],[object Object]",300,embroidered_sheer_curtain_fabrics
N,1248,[object Object],300,embroidered_sheer_curtain_fabrics
N,1249,[object Object],300,embroidered_sheer_curtain_fabrics
K,12503,[object Object],300,embroidered_sheer_curtain_fabrics
K,12504,[object Object],300,embroidered_sheer_curtain_fabrics
K,12513,[object Object],300,embroidered_sheer_curtain_fabrics
K,12519,[object Object],300,embroidered_sheer_curtain_fabrics
K,12520,[object Object],300,embroidered_sheer_curtain_fabrics
K,12522,[object Object],300,embroidered_sheer_curtain_fabrics
K,12524,[object Object],300,embroidered_sheer_curtain_fabrics
K,12525,[object Object],300,embroidered_sheer_curtain_fabrics
K,12526,"[object Object],[object Object]",300,embroidered_sheer_curtain_fabrics
K,12527,[object Object],300,embroidered_sheer_curtain_fabrics
K,12528,"[object Object],[object Object]",300,embroidered_sheer_curtain_fabrics
N,1252,[object Object],300,embroidered_sheer_curtain_fabrics
K,12530,"[object Object],[object Object]",300,embroidered_sheer_curtain_fabrics
K,12532,[object Object],300,embroidered_sheer_curtain_fabrics
K,12533,[object Object],300,embroidered_sheer_curtain_fabrics
K,12535,"[object Object],[object Object]",300,embroidered_sheer_curtain_fabrics
K,12536,[object Object],300,embroidered_sheer_curtain_fabrics
K,12537,[object Object],300,embroidered_sheer_curtain_fabrics
N,1253,[object Object],300,embroidered_sheer_curtain_fabrics
K,12544,[object Object],300,embroidered_sheer_curtain_fabrics
K,12545,[object Object],300,embroidered_sheer_curtain_fabrics
K,12546,[object Object],300,embroidered_sheer_curtain_fabrics
K,12547,[object Object],300,embroidered_sheer_curtain_fabrics
K,12548,"[object Object],[object Object]",300,embroidered_sheer_curtain_fabrics
K,12549,[object Object],300,embroidered_sheer_curtain_fabrics
K,12550,[object Object],300,embroidered_sheer_curtain_fabrics
K,12551,[object Object],300,embroidered_sheer_curtain_fabrics
K,12552,[object Object],300,embroidered_sheer_curtain_fabrics
K,12564,[object Object],300,embroidered_sheer_curtain_fabrics
K,12565,[object Object],300,embroidered_sheer_curtain_fabrics
N,1257,[object Object],300,embroidered_sheer_curtain_fabrics
N,1260,"[object Object],[object Object],[object Object],[object Object]",300,embroidered_sheer_curtain_fabrics
N,1261,[object Object],300,embroidered_sheer_curtain_fabrics
N,1264,[object Object],300,embroidered_sheer_curtain_fabrics
K,12667,"[object Object],[object Object],[object Object],[object Object]",300,embroidered_sheer_curtain_fabrics
K,12668,[object Object],300,embroidered_sheer_curtain_fabrics
N,1266,"[object Object],[object Object]",300,embroidered_sheer_curtain_fabrics
N,1267,[object Object],300,embroidered_sheer_curtain_fabrics
N,1268,"[object Object],[object Object],[object Object]",300,embroidered_sheer_curtain_fabrics
N,1269,"[object Object],[object Object]",300,embroidered_sheer_curtain_fabrics
N,1286,[object Object],300,embroidered_sheer_curtain_fabrics
N,1288,[object Object],300,embroidered_sheer_curtain_fabrics
N,1290,"[object Object],[object Object]",300,embroidered_sheer_curtain_fabrics
K,12930,[object Object],300,embroidered_sheer_curtain_fabrics
N,12K201,[object Object],300,embroidered_sheer_curtain_fabrics
N,12K202,[object Object],300,embroidered_sheer_curtain_fabrics
N,12K203,[object Object],300,embroidered_sheer_curtain_fabrics
N,12K204,[object Object],300,embroidered_sheer_curtain_fabrics
N,12K205,[object Object],300,embroidered_sheer_curtain_fabrics
K,13030,[object Object],300,embroidered_sheer_curtain_fabrics
K,13034,"[object Object],[object Object]",300,embroidered_sheer_curtain_fabrics
K,13036,[object Object],300,embroidered_sheer_curtain_fabrics
K,13045,[object Object],300,embroidered_sheer_curtain_fabrics
K,13063,[object Object],300,embroidered_sheer_curtain_fabrics
N,1314,[object Object],300,embroidered_sheer_curtain_fabrics
N,1321,"[object Object],[object Object],[object Object],[object Object],[object Object]",300,embroidered_sheer_curtain_fabrics
K,13233,[object Object],300,embroidered_sheer_curtain_fabrics
N,1324,"[object Object],[object Object]",300,embroidered_sheer_curtain_fabrics
N,1325,"[object Object],[object Object],[object Object]",300,embroidered_sheer_curtain_fabrics
K,13260,[object Object],300,embroidered_sheer_curtain_fabrics
K,13262,[object Object],300,embroidered_sheer_curtain_fabrics
K,13263,[object Object],300,embroidered_sheer_curtain_fabrics
K,13267,[object Object],300,embroidered_sheer_curtain_fabrics
K,13272,[object Object],300,embroidered_sheer_curtain_fabrics
K,13282,[object Object],300,embroidered_sheer_curtain_fabrics
K,13283,[object Object],300,embroidered_sheer_curtain_fabrics
K,13288,[object Object],300,embroidered_sheer_curtain_fabrics
N,1328,[object Object],300,embroidered_sheer_curtain_fabrics
K,13292,[object Object],300,embroidered_sheer_curtain_fabrics
K,13296,[object Object],300,embroidered_sheer_curtain_fabrics
K,13297,[object Object],300,embroidered_sheer_curtain_fabrics
K,13299,[object Object],300,embroidered_sheer_curtain_fabrics
K,13300,[object Object],300,embroidered_sheer_curtain_fabrics
N,1333,[object Object],300,embroidered_sheer_curtain_fabrics
N,1334,[object Object],300,embroidered_sheer_curtain_fabrics
N,1337,"[object Object],[object Object],[object Object]",300,embroidered_sheer_curtain_fabrics
N,1338!,[object Object],300,embroidered_sheer_curtain_fabrics
N,1338,[object Object],300,embroidered_sheer_curtain_fabrics
N,1339,[object Object],300,embroidered_sheer_curtain_fabrics
N,1342,"[object Object],[object Object]",300,embroidered_sheer_curtain_fabrics
N,1349,"[object Object],[object Object],[object Object],[object Object]",300,embroidered_sheer_curtain_fabrics
N,1351,[object Object],300,embroidered_sheer_curtain_fabrics
N,1352,[object Object],300,embroidered_sheer_curtain_fabrics
N,1353,[object Object],300,embroidered_sheer_curtain_fabrics
N,1354,"[object Object],[object Object],[object Object]",300,embroidered_sheer_curtain_fabrics
N,1355,[object Object],300,embroidered_sheer_curtain_fabrics
N,1356,[object Object],300,embroidered_sheer_curtain_fabrics
N,1357,"[object Object],[object Object]",300,embroidered_sheer_curtain_fabrics
N,1358,[object Object],300,embroidered_sheer_curtain_fabrics
N,1359,"[object Object],[object Object],[object Object]",300,embroidered_sheer_curtain_fabrics
N,1360,"[object Object],[object Object],[object Object]",300,embroidered_sheer_curtain_fabrics
N,1361,[object Object],300,embroidered_sheer_curtain_fabrics
N,1362,"[object Object],[object Object]",300,embroidered_sheer_curtain_fabrics
N,1364,"[object Object],[object Object]",300,embroidered_sheer_curtain_fabrics
N,1365,"[object Object],[object Object],[object Object],[object Object],[object Object],[object Object],[object Object]",300,embroidered_sheer_curtain_fabrics
N,1367,"[object Object],[object Object]",300,embroidered_sheer_curtain_fabrics
N,1368,[object Object],300,embroidered_sheer_curtain_fabrics
N,1369,"[object Object],[object Object]",300,embroidered_sheer_curtain_fabrics
N,1370,"[object Object],[object Object],[object Object],[object Object],[object Object]",300,embroidered_sheer_curtain_fabrics
N,1371,"[object Object],[object Object]",300,embroidered_sheer_curtain_fabrics
N,1372,[object Object],300,embroidered_sheer_curtain_fabrics
N,1373,"[object Object],[object Object],[object Object]",300,embroidered_sheer_curtain_fabrics
N,1375,"[object Object],[object Object]",300,embroidered_sheer_curtain_fabrics
N,1377,"[object Object],[object Object],[object Object]",300,embroidered_sheer_curtain_fabrics
N,1379,"[object Object],[object Object],[object Object]",300,embroidered_sheer_curtain_fabrics
N,1380,"[object Object],[object Object],[object Object]",300,embroidered_sheer_curtain_fabrics
N,1381,[object Object],300,embroidered_sheer_curtain_fabrics
N,1382,"[object Object],[object Object]",300,embroidered_sheer_curtain_fabrics
N,1383,[object Object],300,embroidered_sheer_curtain_fabrics
N,1384,[object Object],300,embroidered_sheer_curtain_fabrics
N,1387,[object Object],300,embroidered_sheer_curtain_fabrics
N,1388,"[object Object],[object Object]",300,embroidered_sheer_curtain_fabrics
N,1389,[object Object],300,embroidered_sheer_curtain_fabrics
N,1390,[object Object],300,embroidered_sheer_curtain_fabrics
N,1391,"[object Object],[object Object]",300,embroidered_sheer_curtain_fabrics
N,1392,[object Object],300,embroidered_sheer_curtain_fabrics
N,1393,[object Object],300,embroidered_sheer_curtain_fabrics
N,1394,[object Object],300,embroidered_sheer_curtain_fabrics
N,1395,[object Object],300,embroidered_sheer_curtain_fabrics
N,1396,[object Object],300,embroidered_sheer_curtain_fabrics
N,1397,"[object Object],[object Object]",300,embroidered_sheer_curtain_fabrics
N,1398,[object Object],300,embroidered_sheer_curtain_fabrics
N,1399,"[object Object],[object Object]",300,embroidered_sheer_curtain_fabrics
N,1400,"[object Object],[object Object]",300,embroidered_sheer_curtain_fabrics
N,1401,"[object Object],[object Object],[object Object],[object Object]",300,embroidered_sheer_curtain_fabrics
N,1402,[object Object],300,embroidered_sheer_curtain_fabrics
N,1403,[object Object],300,embroidered_sheer_curtain_fabrics
N,1404,"[object Object],[object Object],[object Object]",300,embroidered_sheer_curtain_fabrics
N,1405,"[object Object],[object Object]",300,embroidered_sheer_curtain_fabrics
N,1407,[object Object],300,embroidered_sheer_curtain_fabrics
N,1409,"[object Object],[object Object],[object Object]",300,embroidered_sheer_curtain_fabrics
N,1410,"[object Object],[object Object]",300,embroidered_sheer_curtain_fabrics
K,14721,[object Object],300,embroidered_sheer_curtain_fabrics
N,2002,"[object Object],[object Object]",300,embroidered_sheer_curtain_fabrics
K,24006,[object Object],300,embroidered_sheer_curtain_fabrics
K,24068,[object Object],300,embroidered_sheer_curtain_fabrics
K,24111,[object Object],300,embroidered_sheer_curtain_fabrics
K,24116,[object Object],300,embroidered_sheer_curtain_fabrics
K,24117,[object Object],300,embroidered_sheer_curtain_fabrics
K,24347,"[object Object],[object Object],[object Object],[object Object],[object Object],[object Object],[object Object]",300,embroidered_sheer_curtain_fabrics
K,24392,[object Object],300,embroidered_sheer_curtain_fabrics
K,24398,"[object Object],[object Object],[object Object],[object Object]",300,embroidered_sheer_curtain_fabrics
K,24402,"[object Object],[object Object],[object Object],[object Object],[object Object]",300,embroidered_sheer_curtain_fabrics
K,24407,"[object Object],[object Object],[object Object],[object Object]",300,embroidered_sheer_curtain_fabrics
K,24445,[object Object],300,embroidered_sheer_curtain_fabrics
K,24451,[object Object],300,embroidered_sheer_curtain_fabrics
K,24473,"[object Object],[object Object]",300,embroidered_sheer_curtain_fabrics
K,24477,[object Object],300,embroidered_sheer_curtain_fabrics
K,24491,[object Object],300,embroidered_sheer_curtain_fabrics
K,24515,"[object Object],[object Object],[object Object]",300,embroidered_sheer_curtain_fabrics
K,24522,[object Object],300,embroidered_sheer_curtain_fabrics
K,24523,[object Object],300,embroidered_sheer_curtain_fabrics
K,24526,[object Object],300,embroidered_sheer_curtain_fabrics
K,24529,[object Object],300,embroidered_sheer_curtain_fabrics
K,24530,[object Object],300,embroidered_sheer_curtain_fabrics
K,24531,[object Object],300,embroidered_sheer_curtain_fabrics
K,24532,[object Object],300,embroidered_sheer_curtain_fabrics
K,24533,"[object Object],[object Object],[object Object],[object Object]",300,embroidered_sheer_curtain_fabrics
K,24534,[object Object],300,embroidered_sheer_curtain_fabrics
K,24535,[object Object],300,embroidered_sheer_curtain_fabrics
K,24536,"[object Object],[object Object]",300,embroidered_sheer_curtain_fabrics
K,24539,"[object Object],[object Object]",300,embroidered_sheer_curtain_fabrics
K,24540,"[object Object],[object Object]",300,embroidered_sheer_curtain_fabrics
K,24541,"[object Object],[object Object]",300,embroidered_sheer_curtain_fabrics
K,24542,[object Object],300,embroidered_sheer_curtain_fabrics
K,24543,[object Object],300,embroidered_sheer_curtain_fabrics
K,24544,[object Object],300,embroidered_sheer_curtain_fabrics
K,24545,"[object Object],[object Object]",300,embroidered_sheer_curtain_fabrics
K,24546,[object Object],300,embroidered_sheer_curtain_fabrics
K,24547,"[object Object],[object Object]",300,embroidered_sheer_curtain_fabrics
K,24550,[object Object],300,embroidered_sheer_curtain_fabrics
K,24551,[object Object],300,embroidered_sheer_curtain_fabrics
K,24552,[object Object],300,embroidered_sheer_curtain_fabrics
K,24553,[object Object],300,embroidered_sheer_curtain_fabrics
K,24554,[object Object],300,embroidered_sheer_curtain_fabrics
K,24555,"[object Object],[object Object]",300,embroidered_sheer_curtain_fabrics
K,24557,[object Object],300,embroidered_sheer_curtain_fabrics
K,24558,"[object Object],[object Object],[object Object]",300,embroidered_sheer_curtain_fabrics
K,24559,[object Object],300,embroidered_sheer_curtain_fabrics
K,24560,[object Object],300,embroidered_sheer_curtain_fabrics
K,24561,[object Object],300,embroidered_sheer_curtain_fabrics
K,24562,"[object Object],[object Object],[object Object]",300,embroidered_sheer_curtain_fabrics
K,24563,[object Object],300,embroidered_sheer_curtain_fabrics
K,24564,"[object Object],[object Object]",300,embroidered_sheer_curtain_fabrics
K,24565,[object Object],300,embroidered_sheer_curtain_fabrics
K,24566,[object Object],300,embroidered_sheer_curtain_fabrics
K,24567,[object Object],300,embroidered_sheer_curtain_fabrics
K,24569,[object Object],300,embroidered_sheer_curtain_fabrics
K,24570,[object Object],300,embroidered_sheer_curtain_fabrics
K,24571,[object Object],300,embroidered_sheer_curtain_fabrics
K,24572,[object Object],300,embroidered_sheer_curtain_fabrics
K,24573,[object Object],300,embroidered_sheer_curtain_fabrics
K,24574,[object Object],300,embroidered_sheer_curtain_fabrics
K,24576,[object Object],300,embroidered_sheer_curtain_fabrics
K,24577,[object Object],300,embroidered_sheer_curtain_fabrics
K,24579,[object Object],300,embroidered_sheer_curtain_fabrics
K,24580,"[object Object],[object Object]",300,embroidered_sheer_curtain_fabrics
K,24581,[object Object],300,embroidered_sheer_curtain_fabrics
K,24582,[object Object],300,embroidered_sheer_curtain_fabrics
K,24583,[object Object],300,embroidered_sheer_curtain_fabrics
K,24585,[object Object],300,embroidered_sheer_curtain_fabrics
K,24586,[object Object],300,embroidered_sheer_curtain_fabrics
K,24587,[object Object],300,embroidered_sheer_curtain_fabrics
K,24588,"[object Object],[object Object]",300,embroidered_sheer_curtain_fabrics
K,24589,[object Object],300,embroidered_sheer_curtain_fabrics
K,24592,[object Object],300,embroidered_sheer_curtain_fabrics
K,24596,[object Object],300,embroidered_sheer_curtain_fabrics
K,24599,[object Object],300,embroidered_sheer_curtain_fabrics
K,24600,[object Object],300,embroidered_sheer_curtain_fabrics
K,24601,[object Object],300,embroidered_sheer_curtain_fabrics
K,24603,[object Object],300,embroidered_sheer_curtain_fabrics
K,24604,[object Object],300,embroidered_sheer_curtain_fabrics
K,24605,[object Object],300,embroidered_sheer_curtain_fabrics
K,24606,[object Object],300,embroidered_sheer_curtain_fabrics
K,24608,[object Object],300,embroidered_sheer_curtain_fabrics
K,24612,[object Object],300,embroidered_sheer_curtain_fabrics
K,24613,"[object Object],[object Object]",300,embroidered_sheer_curtain_fabrics
K,24614,"[object Object],[object Object]",300,embroidered_sheer_curtain_fabrics
K,24615,[object Object],300,embroidered_sheer_curtain_fabrics
K,24620,[object Object],300,embroidered_sheer_curtain_fabrics
K,24621,"[object Object],[object Object]",300,embroidered_sheer_curtain_fabrics
K,24625,[object Object],300,embroidered_sheer_curtain_fabrics
K,24626,[object Object],300,embroidered_sheer_curtain_fabrics
K,24627,[object Object],300,embroidered_sheer_curtain_fabrics
K,24628,[object Object],300,embroidered_sheer_curtain_fabrics
K,24629,"[object Object],[object Object]",300,embroidered_sheer_curtain_fabrics
K,24630,"[object Object],[object Object]",300,embroidered_sheer_curtain_fabrics
K,24631,[object Object],300,embroidered_sheer_curtain_fabrics
K,24632,"[object Object],[object Object]",300,embroidered_sheer_curtain_fabrics
K,24633,"[object Object],[object Object],[object Object]",300,embroidered_sheer_curtain_fabrics
K,24635,[object Object],300,embroidered_sheer_curtain_fabrics
K,24636,"[object Object],[object Object]",300,embroidered_sheer_curtain_fabrics
K,24637,"[object Object],[object Object]",300,embroidered_sheer_curtain_fabrics
K,24638,[object Object],300,embroidered_sheer_curtain_fabrics
K,24639,[object Object],300,embroidered_sheer_curtain_fabrics
K,24640,"[object Object],[object Object]",300,embroidered_sheer_curtain_fabrics
K,24641,[object Object],300,embroidered_sheer_curtain_fabrics
K,24643,[object Object],300,embroidered_sheer_curtain_fabrics
K,24644,[object Object],300,embroidered_sheer_curtain_fabrics
K,24645,[object Object],300,embroidered_sheer_curtain_fabrics
K,24647,[object Object],300,embroidered_sheer_curtain_fabrics
K,24650,[object Object],300,embroidered_sheer_curtain_fabrics
K,24651,[object Object],300,embroidered_sheer_curtain_fabrics
K,24653,[object Object],300,embroidered_sheer_curtain_fabrics
K,24654,[object Object],300,embroidered_sheer_curtain_fabrics
K,24658,[object Object],300,embroidered_sheer_curtain_fabrics
K,24662,[object Object],300,embroidered_sheer_curtain_fabrics
K,24663,[object Object],300,embroidered_sheer_curtain_fabrics
K,24664,[object Object],300,embroidered_sheer_curtain_fabrics
K,24666,[object Object],300,embroidered_sheer_curtain_fabrics
K,24667,[object Object],300,embroidered_sheer_curtain_fabrics
K,24668,[object Object],300,embroidered_sheer_curtain_fabrics
K,24669,[object Object],300,embroidered_sheer_curtain_fabrics
K,24671,[object Object],300,embroidered_sheer_curtain_fabrics
K,24672,[object Object],300,embroidered_sheer_curtain_fabrics
K,25030,[object Object],300,embroidered_sheer_curtain_fabrics
K,25213,[object Object],300,embroidered_sheer_curtain_fabrics
K,25214,[object Object],300,embroidered_sheer_curtain_fabrics
K,25218,[object Object],300,embroidered_sheer_curtain_fabrics
K,25226,"[object Object],[object Object]",300,embroidered_sheer_curtain_fabrics
K,25237,[object Object],300,embroidered_sheer_curtain_fabrics
K,25250,"[object Object],[object Object]",300,embroidered_sheer_curtain_fabrics
K,25253,[object Object],300,embroidered_sheer_curtain_fabrics
K,25257,"[object Object],[object Object]",300,embroidered_sheer_curtain_fabrics
K,25260,"[object Object],[object Object]",300,embroidered_sheer_curtain_fabrics
K,25261,[object Object],300,embroidered_sheer_curtain_fabrics
K,25262,[object Object],300,embroidered_sheer_curtain_fabrics
K,25263,[object Object],300,embroidered_sheer_curtain_fabrics
K,25264,[object Object],300,embroidered_sheer_curtain_fabrics
K,25265,[object Object],300,embroidered_sheer_curtain_fabrics
K,25266,"[object Object],[object Object]",300,embroidered_sheer_curtain_fabrics
K,25268,[object Object],300,embroidered_sheer_curtain_fabrics
K,25269,[object Object],300,embroidered_sheer_curtain_fabrics
K,25270,[object Object],300,embroidered_sheer_curtain_fabrics
K,25272,[object Object],300,embroidered_sheer_curtain_fabrics
K,25273,[object Object],300,embroidered_sheer_curtain_fabrics
K,25274,[object Object],300,embroidered_sheer_curtain_fabrics
K,25275,[object Object],300,embroidered_sheer_curtain_fabrics
K,25276,[object Object],300,embroidered_sheer_curtain_fabrics
K,25277,[object Object],300,embroidered_sheer_curtain_fabrics
K,25278,[object Object],300,embroidered_sheer_curtain_fabrics
K,25279,[object Object],300,embroidered_sheer_curtain_fabrics
K,25280,[object Object],300,embroidered_sheer_curtain_fabrics
K,25281,[object Object],300,embroidered_sheer_curtain_fabrics
K,25282,[object Object],300,embroidered_sheer_curtain_fabrics
K,25283,[object Object],300,embroidered_sheer_curtain_fabrics
K,25284,[object Object],300,embroidered_sheer_curtain_fabrics
K,25285,"[object Object],[object Object]",300,embroidered_sheer_curtain_fabrics
K,25286,"[object Object],[object Object]",300,embroidered_sheer_curtain_fabrics
K,25287,"[object Object],[object Object]",300,embroidered_sheer_curtain_fabrics
K,25292,"[object Object],[object Object]",300,embroidered_sheer_curtain_fabrics
K,25293,"[object Object],[object Object]",300,embroidered_sheer_curtain_fabrics
K,36008,[object Object],300,embroidered_sheer_curtain_fabrics
K,36010,[object Object],300,embroidered_sheer_curtain_fabrics
K,48006,"[object Object],[object Object],[object Object]",300,embroidered_sheer_curtain_fabrics
K,48013,"[object Object],[object Object]",300,embroidered_sheer_curtain_fabrics
K,48039,[object Object],300,embroidered_sheer_curtain_fabrics
K,48043,[object Object],300,embroidered_sheer_curtain_fabrics
K,48050,"[object Object],[object Object]",300,embroidered_sheer_curtain_fabrics
K,48051,"[object Object],[object Object]",300,embroidered_sheer_curtain_fabrics
K,48052,[object Object],300,embroidered_sheer_curtain_fabrics
K,48053,"[object Object],[object Object]",300,embroidered_sheer_curtain_fabrics
K,48054,"[object Object],[object Object]",300,embroidered_sheer_curtain_fabrics
K,48055,"[object Object],[object Object]",300,embroidered_sheer_curtain_fabrics
K,48056,"[object Object],[object Object]",300,embroidered_sheer_curtain_fabrics
K,48057,[object Object],300,embroidered_sheer_curtain_fabrics
K,48058,"[object Object],[object Object]",300,embroidered_sheer_curtain_fabrics
K,48059,"[object Object],[object Object]",300,embroidered_sheer_curtain_fabrics
K,48060,[object Object],300,embroidered_sheer_curtain_fabrics
K,48061,"[object Object],[object Object]",300,embroidered_sheer_curtain_fabrics
K,48062,[object Object],300,embroidered_sheer_curtain_fabrics
K,48063,"[object Object],[object Object]",300,embroidered_sheer_curtain_fabrics
K,48064,[object Object],300,embroidered_sheer_curtain_fabrics
K,48065,[object Object],300,embroidered_sheer_curtain_fabrics
K,48066,[object Object],300,embroidered_sheer_curtain_fabrics
K,48067,"[object Object],[object Object]",300,embroidered_sheer_curtain_fabrics
K,48068,"[object Object],[object Object]",300,embroidered_sheer_curtain_fabrics
K,48072,"[object Object],[object Object]",300,embroidered_sheer_curtain_fabrics
K,49047,"[object Object],[object Object]",300,embroidered_sheer_curtain_fabrics
K,49049,[object Object],300,embroidered_sheer_curtain_fabrics
K,49051,[object Object],300,embroidered_sheer_curtain_fabrics
K,49052,[object Object],300,embroidered_sheer_curtain_fabrics
K,49053,[object Object],300,embroidered_sheer_curtain_fabrics
K,49054,[object Object],300,embroidered_sheer_curtain_fabrics
K,49055,[object Object],300,embroidered_sheer_curtain_fabrics
K,49056,"[object Object],[object Object]",300,embroidered_sheer_curtain_fabrics
K,49057,"[object Object],[object Object]",300,embroidered_sheer_curtain_fabrics
K,49058,"[object Object],[object Object]",300,embroidered_sheer_curtain_fabrics
K,49059,"[object Object],[object Object]",300,embroidered_sheer_curtain_fabrics
K,49060,[object Object],300,embroidered_sheer_curtain_fabrics
K,49061,[object Object],300,embroidered_sheer_curtain_fabrics
K,49062,[object Object],300,embroidered_sheer_curtain_fabrics
K,49063,"[object Object],[object Object]",300,embroidered_sheer_curtain_fabrics
K,62005,[object Object],300,embroidered_sheer_curtain_fabrics
K,72009,[object Object],300,embroidered_sheer_curtain_fabrics
K,72010,[object Object],300,embroidered_sheer_curtain_fabrics
K,8015,"[object Object],[object Object],[object Object],[object Object]",300,embroidered_sheer_curtain_fabrics
K,8154,"[object Object],[object Object]",300,embroidered_sheer_curtain_fabrics
K,8590,[object Object],300,embroidered_sheer_curtain_fabrics
K,8594,[object Object],300,embroidered_sheer_curtain_fabrics
K,8651,"[object Object],[object Object]",300,embroidered_sheer_curtain_fabrics
K,8664,[object Object],300,embroidered_sheer_curtain_fabrics
K,8665,[object Object],300,embroidered_sheer_curtain_fabrics
K,8674,"[object Object],[object Object]",300,embroidered_sheer_curtain_fabrics
K,8677,[object Object],300,embroidered_sheer_curtain_fabrics
K,8678,[object Object],300,embroidered_sheer_curtain_fabrics
K,8679,"[object Object],[object Object]",300,embroidered_sheer_curtain_fabrics
K,8687,"[object Object],[object Object]",300,embroidered_sheer_curtain_fabrics
K,8690,"[object Object],[object Object]",300,embroidered_sheer_curtain_fabrics
K,8692,[object Object],300,embroidered_sheer_curtain_fabrics
K,8693,"[object Object],[object Object]",300,embroidered_sheer_curtain_fabrics
K,8694,"[object Object],[object Object]",300,embroidered_sheer_curtain_fabrics
K,8695,"[object Object],[object Object]",300,embroidered_sheer_curtain_fabrics
K,8696,[object Object],300,embroidered_sheer_curtain_fabrics
K,8697,"[object Object],[object Object]",300,embroidered_sheer_curtain_fabrics
K,8698,"[object Object],[object Object]",300,embroidered_sheer_curtain_fabrics
K,8699,"[object Object],[object Object]",300,embroidered_sheer_curtain_fabrics
K,8700,"[object Object],[object Object]",300,embroidered_sheer_curtain_fabrics
K,8701,[object Object],300,embroidered_sheer_curtain_fabrics
N,AP12001,"[object Object],[object Object]",300,embroidered_sheer_curtain_fabrics
N,AP24008,[object Object],300,embroidered_sheer_curtain_fabrics
N,AP25001,[object Object],300,embroidered_sheer_curtain_fabrics
N,GL8019,[object Object],300,embroidered_sheer_curtain_fabrics
N,Manolya,[object Object],300,embroidered_sheer_curtain_fabrics
N,Sofya,[object Object],300,embroidered_sheer_curtain_fabrics
N,Turuva,[object Object],300,embroidered_sheer_curtain_fabrics